"Path","Kind","Lines","Bytes"
".editorconfig","text","12","177"
".env.example","text","7","156"
".gitignore","text","27","212"
"apps/backend/.env.example","text","9","381"
"apps/backend/bin/main/application.yml","text","30","931"
"apps/backend/bin/main/application-dev.yml","text","12","380"
"apps/backend/bin/main/application-prod.yml","text","13","265"
"apps/backend/bin/main/com/subscriptionmanager/analytics/AnalyticsPeriod.class","binary","0","2941"
"apps/backend/bin/main/com/subscriptionmanager/analytics/controller/AnalyticsController.class","binary","0","2545"
"apps/backend/bin/main/com/subscriptionmanager/analytics/dto/AnalyticsByCategoryResponse.class","binary","0","2611"
"apps/backend/bin/main/com/subscriptionmanager/analytics/dto/AnalyticsCategoryItemResponse.class","binary","0","1889"
"apps/backend/bin/main/com/subscriptionmanager/analytics/dto/AnalyticsForecastResponse.class","binary","0","1747"
"apps/backend/bin/main/com/subscriptionmanager/analytics/dto/AnalyticsSummaryResponse.class","binary","0","2160"
"apps/backend/bin/main/com/subscriptionmanager/analytics/service/AnalyticsService.class","binary","0","574"
"apps/backend/bin/main/com/subscriptionmanager/analytics/service/AnalyticsServiceImpl$SubscriptionSpend.class","binary","0","1883"
"apps/backend/bin/main/com/subscriptionmanager/analytics/service/AnalyticsServiceImpl.class","binary","0","13550"
"apps/backend/bin/main/com/subscriptionmanager/category/controller/CategoryController.class","binary","0","1081"
"apps/backend/bin/main/com/subscriptionmanager/category/dto/CategoryResponse.class","binary","0","1510"
"apps/backend/bin/main/com/subscriptionmanager/category/service/CategoryService.class","binary","0","286"
"apps/backend/bin/main/com/subscriptionmanager/category/service/CategoryServiceImpl.class","binary","0","2716"
"apps/backend/bin/main/com/subscriptionmanager/common/api/ApiMessage.class","binary","0","1314"
"apps/backend/bin/main/com/subscriptionmanager/common/enums/BillingPeriod.class","binary","0","1261"
"apps/backend/bin/main/com/subscriptionmanager/common/enums/ImportProvider.class","binary","0","1266"
"apps/backend/bin/main/com/subscriptionmanager/common/enums/NotificationType.class","binary","0","1244"
"apps/backend/bin/main/com/subscriptionmanager/common/enums/SourceType.class","binary","0","1193"
"apps/backend/bin/main/com/subscriptionmanager/common/enums/SubscriptionStatus.class","binary","0","1241"
"apps/backend/bin/main/com/subscriptionmanager/config/OpenApiConfig.class","binary","0","1024"
"apps/backend/bin/main/com/subscriptionmanager/config/scheduler/SchedulerConfig.class","binary","0","516"
"apps/backend/bin/main/com/subscriptionmanager/consent/controller/ImportConsentController.class","binary","0","2093"
"apps/backend/bin/main/com/subscriptionmanager/consent/dto/ImportConsentStatusResponse.class","binary","0","2146"
"apps/backend/bin/main/com/subscriptionmanager/consent/service/ImportConsentService.class","binary","0","315"
"apps/backend/bin/main/com/subscriptionmanager/consent/service/ImportConsentServiceImpl.class","binary","0","8550"
"apps/backend/bin/main/com/subscriptionmanager/controller/AuthController.class","binary","0","1661"
"apps/backend/bin/main/com/subscriptionmanager/dashboard/controller/DashboardController.class","binary","0","1692"
"apps/backend/bin/main/com/subscriptionmanager/dashboard/dto/DashboardResponse.class","binary","0","3268"
"apps/backend/bin/main/com/subscriptionmanager/dashboard/service/DashboardService.class","binary","0","266"
"apps/backend/bin/main/com/subscriptionmanager/dashboard/service/DashboardServiceImpl.class","binary","0","3587"
"apps/backend/bin/main/com/subscriptionmanager/dto/AuthResponse.class","binary","0","1065"
"apps/backend/bin/main/com/subscriptionmanager/dto/LoginRequest.class","binary","0","971"
"apps/backend/bin/main/com/subscriptionmanager/dto/RegisterRequest.class","binary","0","1072"
"apps/backend/bin/main/com/subscriptionmanager/dto/UserResponse.class","binary","0","1097"
"apps/backend/bin/main/com/subscriptionmanager/entity/AuditLog.class","binary","0","1140"
"apps/backend/bin/main/com/subscriptionmanager/entity/Category.class","binary","0","1155"
"apps/backend/bin/main/com/subscriptionmanager/entity/Consent.class","binary","0","2592"
"apps/backend/bin/main/com/subscriptionmanager/entity/ImportItem.class","binary","0","1086"
"apps/backend/bin/main/com/subscriptionmanager/entity/ImportJob.class","binary","0","1269"
"apps/backend/bin/main/com/subscriptionmanager/entity/IntegrationConnection.class","binary","0","3393"
"apps/backend/bin/main/com/subscriptionmanager/entity/Notification.class","binary","0","3246"
"apps/backend/bin/main/com/subscriptionmanager/entity/NotificationRule.class","binary","0","1221"
"apps/backend/bin/main/com/subscriptionmanager/entity/RecommendationCatalog.class","binary","0","1144"
"apps/backend/bin/main/com/subscriptionmanager/entity/RefreshToken.class","binary","0","1129"
"apps/backend/bin/main/com/subscriptionmanager/entity/Subscription.class","binary","0","5011"
"apps/backend/bin/main/com/subscriptionmanager/entity/SubscriptionEvent.class","binary","0","1209"
"apps/backend/bin/main/com/subscriptionmanager/entity/Transaction.class","binary","0","1222"
"apps/backend/bin/main/com/subscriptionmanager/entity/UsageSignal.class","binary","0","1178"
"apps/backend/bin/main/com/subscriptionmanager/entity/User.class","binary","0","1856"
"apps/backend/bin/main/com/subscriptionmanager/exception/ApiException.class","binary","0","403"
"apps/backend/bin/main/com/subscriptionmanager/exception/GlobalExceptionHandler.class","binary","0","5095"
"apps/backend/bin/main/com/subscriptionmanager/forecast/controller/ForecastController.class","binary","0","1699"
"apps/backend/bin/main/com/subscriptionmanager/forecast/dto/ForecastResponse.class","binary","0","1557"
"apps/backend/bin/main/com/subscriptionmanager/forecast/service/ForecastService.class","binary","0","248"
"apps/backend/bin/main/com/subscriptionmanager/forecast/service/ForecastServiceImpl.class","binary","0","1460"
"apps/backend/bin/main/com/subscriptionmanager/importing/controller/ImportController.class","binary","0","2581"
"apps/backend/bin/main/com/subscriptionmanager/importing/dto/ImportErrorItemResponse.class","binary","0","1531"
"apps/backend/bin/main/com/subscriptionmanager/importing/dto/ImportHistoryItemResponse.class","binary","0","2031"
"apps/backend/bin/main/com/subscriptionmanager/importing/dto/ImportJobResponse.class","binary","0","1651"
"apps/backend/bin/main/com/subscriptionmanager/importing/dto/ImportResultResponse.class","binary","0","3038"
"apps/backend/bin/main/com/subscriptionmanager/importing/dto/ImportStartRequest.class","binary","0","2778"
"apps/backend/bin/main/com/subscriptionmanager/importing/dto/MailMessageRequest.class","binary","0","4073"
"apps/backend/bin/main/com/subscriptionmanager/importing/exception/ImportConsentRequiredException.class","binary","0","1433"
"apps/backend/bin/main/com/subscriptionmanager/importing/parser/GmailNetflixParser$AmountWithCurrency.class","binary","0","1759"
"apps/backend/bin/main/com/subscriptionmanager/importing/parser/GmailNetflixParser$ParsedSubscription.class","binary","0","2511"
"apps/backend/bin/main/com/subscriptionmanager/importing/parser/GmailNetflixParser$ParseResult.class","binary","0","2556"
"apps/backend/bin/main/com/subscriptionmanager/importing/parser/GmailNetflixParser$SupportedTemplate.class","binary","0","2082"
"apps/backend/bin/main/com/subscriptionmanager/importing/parser/GmailNetflixParser.class","binary","0","8109"
"apps/backend/bin/main/com/subscriptionmanager/importing/service/ImportService.class","binary","0","598"
"apps/backend/bin/main/com/subscriptionmanager/importing/service/ImportServiceImpl.class","binary","0","10986"
"apps/backend/bin/main/com/subscriptionmanager/integration/controller/IntegrationController.class","binary","0","1501"
"apps/backend/bin/main/com/subscriptionmanager/integration/dto/IntegrationConnectionResponse.class","binary","0","1719"
"apps/backend/bin/main/com/subscriptionmanager/integration/provider/BankImportProvider.class","binary","0","279"
"apps/backend/bin/main/com/subscriptionmanager/integration/provider/GmailImportProvider.class","binary","0","817"
"apps/backend/bin/main/com/subscriptionmanager/integration/provider/MailImportProvider.class","binary","0","279"
"apps/backend/bin/main/com/subscriptionmanager/integration/service/IntegrationService.class","binary","0","343"
"apps/backend/bin/main/com/subscriptionmanager/integration/service/IntegrationServiceImpl.class","binary","0","2672"
"apps/backend/bin/main/com/subscriptionmanager/mapper/UserMapper.class","binary","0","1101"
"apps/backend/bin/main/com/subscriptionmanager/notification/controller/NotificationController.class","binary","0","1662"
"apps/backend/bin/main/com/subscriptionmanager/notification/dto/NotificationResponse.class","binary","0","1932"
"apps/backend/bin/main/com/subscriptionmanager/notification/service/NotificationScheduler.class","binary","0","640"
"apps/backend/bin/main/com/subscriptionmanager/notification/service/NotificationService.class","binary","0","340"
"apps/backend/bin/main/com/subscriptionmanager/notification/service/NotificationServiceImpl.class","binary","0","7797"
"apps/backend/bin/main/com/subscriptionmanager/recommendation/controller/RecommendationController.class","binary","0","1753"
"apps/backend/bin/main/com/subscriptionmanager/recommendation/dto/RecommendationResponse.class","binary","0","1831"
"apps/backend/bin/main/com/subscriptionmanager/recommendation/service/RecommendationService.class","binary","0","390"
"apps/backend/bin/main/com/subscriptionmanager/recommendation/service/RecommendationServiceImpl.class","binary","0","961"
"apps/backend/bin/main/com/subscriptionmanager/repository/AuditLogRepository.class","binary","0","368"
"apps/backend/bin/main/com/subscriptionmanager/repository/CategoryRepository.class","binary","0","536"
"apps/backend/bin/main/com/subscriptionmanager/repository/ConsentRepository.class","binary","0","1218"
"apps/backend/bin/main/com/subscriptionmanager/repository/ImportItemRepository.class","binary","0","374"
"apps/backend/bin/main/com/subscriptionmanager/repository/ImportJobRepository.class","binary","0","533"
"apps/backend/bin/main/com/subscriptionmanager/repository/IntegrationConnectionRepository.class","binary","0","877"
"apps/backend/bin/main/com/subscriptionmanager/repository/NotificationRepository.class","binary","0","1034"
"apps/backend/bin/main/com/subscriptionmanager/repository/NotificationRuleRepository.class","binary","0","548"
"apps/backend/bin/main/com/subscriptionmanager/repository/RecommendationCatalogRepository.class","binary","0","588"
"apps/backend/bin/main/com/subscriptionmanager/repository/RefreshTokenRepository.class","binary","0","543"
"apps/backend/bin/main/com/subscriptionmanager/repository/SubscriptionEventRepository.class","binary","0","395"
"apps/backend/bin/main/com/subscriptionmanager/repository/SubscriptionRepository.class","binary","0","1438"
"apps/backend/bin/main/com/subscriptionmanager/repository/TransactionRepository.class","binary","0","635"
"apps/backend/bin/main/com/subscriptionmanager/repository/UsageSignalRepository.class","binary","0","377"
"apps/backend/bin/main/com/subscriptionmanager/repository/UserRepository.class","binary","0","559"
"apps/backend/bin/main/com/subscriptionmanager/security/CurrentUserService.class","binary","0","2842"
"apps/backend/bin/main/com/subscriptionmanager/security/CustomUserDetailsService.class","binary","0","2886"
"apps/backend/bin/main/com/subscriptionmanager/security/JwtAuthenticationFilter.class","binary","0","3458"
"apps/backend/bin/main/com/subscriptionmanager/security/JwtTokenProvider.class","binary","0","2811"
"apps/backend/bin/main/com/subscriptionmanager/security/SecurityConfig.class","binary","0","9815"
"apps/backend/bin/main/com/subscriptionmanager/service/AuthService.class","binary","0","4532"
"apps/backend/bin/main/com/subscriptionmanager/subscription/controller/SubscriptionController.class","binary","0","3737"
"apps/backend/bin/main/com/subscriptionmanager/subscription/dto/SubscriptionRequest.class","binary","0","3619"
"apps/backend/bin/main/com/subscriptionmanager/subscription/dto/SubscriptionResponse.class","binary","0","2765"
"apps/backend/bin/main/com/subscriptionmanager/subscription/dto/UpcomingSubscriptionResponse.class","binary","0","2943"
"apps/backend/bin/main/com/subscriptionmanager/subscription/service/SubscriptionService.class","binary","0","1029"
"apps/backend/bin/main/com/subscriptionmanager/subscription/service/SubscriptionServiceImpl.class","binary","0","10399"
"apps/backend/bin/main/com/subscriptionmanager/SubscriptionManagerApplication.class","binary","0","762"
"apps/backend/bin/main/com/subscriptionmanager/user/controller/UserController.class","binary","0","980"
"apps/backend/bin/main/com/subscriptionmanager/user/dto/UserProfileResponse.class","binary","0","1639"
"apps/backend/bin/main/com/subscriptionmanager/user/service/UserService.class","binary","0","212"
"apps/backend/bin/main/com/subscriptionmanager/user/service/UserServiceImpl.class","binary","0","1256"
"apps/backend/bin/main/db/migration/V1__create_users_table.sql","text","6","200"
"apps/backend/bin/main/db/migration/V2__full_architecture_tables.sql","text","133","4599"
"apps/backend/bin/main/db/migration/V3__seed_default_categories.sql","text","11","227"
"apps/backend/bin/main/logback-spring.xml","text","4","137"
"apps/backend/bin/test/com/subscriptionmanager/analytics/AnalyticsPeriodTest.class","binary","0","2342"
"apps/backend/bin/test/com/subscriptionmanager/analytics/service/AnalyticsServiceImplTest.class","binary","0","7150"
"apps/backend/bin/test/com/subscriptionmanager/consent/controller/ImportConsentControllerTest.class","binary","0","5044"
"apps/backend/bin/test/com/subscriptionmanager/consent/service/ImportConsentServiceImplTest.class","binary","0","8785"
"apps/backend/bin/test/com/subscriptionmanager/controller/AuthControllerSecurityTest.class","binary","0","6595"
"apps/backend/bin/test/com/subscriptionmanager/controller/AuthControllerTest.class","binary","0","6186"
"apps/backend/bin/test/com/subscriptionmanager/dashboard/controller/DashboardControllerTest.class","binary","0","6401"
"apps/backend/bin/test/com/subscriptionmanager/dashboard/service/DashboardServiceImplTest.class","binary","0","7637"
"apps/backend/bin/test/com/subscriptionmanager/forecast/controller/ForecastControllerTest.class","binary","0","4844"
"apps/backend/bin/test/com/subscriptionmanager/forecast/service/ForecastServiceImplTest.class","binary","0","4415"
"apps/backend/bin/test/com/subscriptionmanager/importing/controller/ImportControllerSecurityTest.class","binary","0","2344"
"apps/backend/bin/test/com/subscriptionmanager/importing/controller/ImportControllerValidationTest.class","binary","0","7579"
"apps/backend/bin/test/com/subscriptionmanager/importing/parser/GmailNetflixParserTest.class","binary","0","3705"
"apps/backend/bin/test/com/subscriptionmanager/importing/service/ImportServiceImplTest.class","binary","0","6533"
"apps/backend/bin/test/com/subscriptionmanager/notification/service/NotificationServiceImplTest.class","binary","0","7609"
"apps/backend/bin/test/com/subscriptionmanager/subscription/service/SubscriptionServiceImplTest.class","binary","0","5280"
"apps/backend/build.gradle","text","57","1579"
"apps/backend/docker-compose.yml","text","18","368"
"apps/backend/gradle/wrapper/gradle-wrapper.jar","binary","0","43583"
"apps/backend/gradle/wrapper/gradle-wrapper.properties","text","7","259"
"apps/backend/gradlew","text","252","9014"
"apps/backend/gradlew.bat","text","94","2966"
"apps/backend/README.md","text","22","707"
"apps/backend/settings.gradle","text","5","121"
"apps/backend/src/main/java/com/subscriptionmanager/analytics/AnalyticsPeriod.java","text","41","1190"
"apps/backend/src/main/java/com/subscriptionmanager/analytics/controller/AnalyticsController.java","text","43","1888"
"apps/backend/src/main/java/com/subscriptionmanager/analytics/dto/AnalyticsByCategoryResponse.java","text","15","369"
"apps/backend/src/main/java/com/subscriptionmanager/analytics/dto/AnalyticsCategoryItemResponse.java","text","11","256"
"apps/backend/src/main/java/com/subscriptionmanager/analytics/dto/AnalyticsForecastResponse.java","text","10","226"
"apps/backend/src/main/java/com/subscriptionmanager/analytics/dto/AnalyticsSummaryResponse.java","text","14","325"
"apps/backend/src/main/java/com/subscriptionmanager/analytics/service/AnalyticsService.java","text","12","587"
"apps/backend/src/main/java/com/subscriptionmanager/analytics/service/AnalyticsServiceImpl.java","text","210","8088"
"apps/backend/src/main/java/com/subscriptionmanager/category/controller/CategoryController.java","text","25","759"
"apps/backend/src/main/java/com/subscriptionmanager/category/dto/CategoryResponse.java","text","4","105"
"apps/backend/src/main/java/com/subscriptionmanager/category/service/CategoryService.java","text","9","211"
"apps/backend/src/main/java/com/subscriptionmanager/category/service/CategoryServiceImpl.java","text","28","974"
"apps/backend/src/main/java/com/subscriptionmanager/common/api/ApiMessage.java","text","4","91"
"apps/backend/src/main/java/com/subscriptionmanager/common/enums/BillingPeriod.java","text","8","129"
"apps/backend/src/main/java/com/subscriptionmanager/common/enums/ImportProvider.java","text","8","128"
"apps/backend/src/main/java/com/subscriptionmanager/common/enums/NotificationType.java","text","7","135"
"apps/backend/src/main/java/com/subscriptionmanager/common/enums/SourceType.java","text","7","120"
"apps/backend/src/main/java/com/subscriptionmanager/common/enums/SubscriptionStatus.java","text","7","120"
"apps/backend/src/main/java/com/subscriptionmanager/config/OpenApiConfig.java","text","19","570"
"apps/backend/src/main/java/com/subscriptionmanager/config/scheduler/SchedulerConfig.java","text","9","247"
"apps/backend/src/main/java/com/subscriptionmanager/consent/controller/ImportConsentController.java","text","41","1805"
"apps/backend/src/main/java/com/subscriptionmanager/consent/dto/ImportConsentStatusResponse.java","text","13","313"
"apps/backend/src/main/java/com/subscriptionmanager/consent/service/ImportConsentService.java","text","9","392"
"apps/backend/src/main/java/com/subscriptionmanager/consent/service/ImportConsentServiceImpl.java","text","149","6462"
"apps/backend/src/main/java/com/subscriptionmanager/controller/AuthController.java","text","35","1247"
"apps/backend/src/main/java/com/subscriptionmanager/dashboard/controller/DashboardController.java","text","31","1252"
"apps/backend/src/main/java/com/subscriptionmanager/dashboard/dto/DashboardResponse.java","text","18","731"
"apps/backend/src/main/java/com/subscriptionmanager/dashboard/service/DashboardService.java","text","7","227"
"apps/backend/src/main/java/com/subscriptionmanager/dashboard/service/DashboardServiceImpl.java","text","56","2558"
"apps/backend/src/main/java/com/subscriptionmanager/dto/AuthResponse.java","text","31","559"
"apps/backend/src/main/java/com/subscriptionmanager/dto/LoginRequest.java","text","30","548"
"apps/backend/src/main/java/com/subscriptionmanager/dto/RegisterRequest.java","text","32","625"
"apps/backend/src/main/java/com/subscriptionmanager/dto/UserResponse.java","text","34","614"
"apps/backend/src/main/java/com/subscriptionmanager/entity/AuditLog.java","text","32","671"
"apps/backend/src/main/java/com/subscriptionmanager/entity/Category.java","text","30","564"
"apps/backend/src/main/java/com/subscriptionmanager/entity/Consent.java","text","78","1667"
"apps/backend/src/main/java/com/subscriptionmanager/entity/ImportItem.java","text","73","1538"
"apps/backend/src/main/java/com/subscriptionmanager/entity/ImportJob.java","text","88","1917"
"apps/backend/src/main/java/com/subscriptionmanager/entity/IntegrationConnection.java","text","111","2626"
"apps/backend/src/main/java/com/subscriptionmanager/entity/Notification.java","text","101","2225"
"apps/backend/src/main/java/com/subscriptionmanager/entity/NotificationRule.java","text","26","635"
"apps/backend/src/main/java/com/subscriptionmanager/entity/RecommendationCatalog.java","text","27","621"
"apps/backend/src/main/java/com/subscriptionmanager/entity/RefreshToken.java","text","26","605"
"apps/backend/src/main/java/com/subscriptionmanager/entity/Subscription.java","text","164","3839"
"apps/backend/src/main/java/com/subscriptionmanager/entity/SubscriptionEvent.java","text","30","718"
"apps/backend/src/main/java/com/subscriptionmanager/entity/Transaction.java","text","34","779"
"apps/backend/src/main/java/com/subscriptionmanager/entity/UsageSignal.java","text","30","702"
"apps/backend/src/main/java/com/subscriptionmanager/entity/User.java","text","66","1369"
"apps/backend/src/main/java/com/subscriptionmanager/exception/ApiException.java","text","8","172"
"apps/backend/src/main/java/com/subscriptionmanager/exception/GlobalExceptionHandler.java","text","56","2542"
"apps/backend/src/main/java/com/subscriptionmanager/forecast/controller/ForecastController.java","text","33","1379"
"apps/backend/src/main/java/com/subscriptionmanager/forecast/dto/ForecastResponse.java","text","6","168"
"apps/backend/src/main/java/com/subscriptionmanager/forecast/service/ForecastService.java","text","7","208"
"apps/backend/src/main/java/com/subscriptionmanager/forecast/service/ForecastServiceImpl.java","text","22","854"
"apps/backend/src/main/java/com/subscriptionmanager/importing/controller/ImportController.java","text","42","1567"
"apps/backend/src/main/java/com/subscriptionmanager/importing/dto/ImportErrorItemResponse.java","text","7","149"
"apps/backend/src/main/java/com/subscriptionmanager/importing/dto/ImportHistoryItemResponse.java","text","12","274"
"apps/backend/src/main/java/com/subscriptionmanager/importing/dto/ImportResultResponse.java","text","18","436"
"apps/backend/src/main/java/com/subscriptionmanager/importing/dto/ImportStartRequest.java","text","18","648"
"apps/backend/src/main/java/com/subscriptionmanager/importing/dto/MailMessageRequest.java","text","34","1460"
"apps/backend/src/main/java/com/subscriptionmanager/importing/exception/ImportConsentRequiredException.java","text","18","596"
"apps/backend/src/main/java/com/subscriptionmanager/importing/ImportItemStatus.java","text","7","120"
"apps/backend/src/main/java/com/subscriptionmanager/importing/ImportJobStatus.java","text","8","154"
"apps/backend/src/main/java/com/subscriptionmanager/importing/parser/GmailNetflixParser.java","text","163","6594"
"apps/backend/src/main/java/com/subscriptionmanager/importing/service/ImportService.java","text","13","519"
"apps/backend/src/main/java/com/subscriptionmanager/importing/service/ImportServiceImpl.java","text","323","13616"
"apps/backend/src/main/java/com/subscriptionmanager/integration/controller/IntegrationController.java","text","29","1135"
"apps/backend/src/main/java/com/subscriptionmanager/integration/dto/IntegrationConnectionResponse.java","text","4","140"
"apps/backend/src/main/java/com/subscriptionmanager/integration/provider/BankImportProvider.java","text","8","211"
"apps/backend/src/main/java/com/subscriptionmanager/integration/provider/GmailImportProvider.java","text","17","435"
"apps/backend/src/main/java/com/subscriptionmanager/integration/provider/MailImportProvider.java","text","8","211"
"apps/backend/src/main/java/com/subscriptionmanager/integration/service/IntegrationService.java","text","9","257"
"apps/backend/src/main/java/com/subscriptionmanager/integration/service/IntegrationServiceImpl.java","text","29","1105"
"apps/backend/src/main/java/com/subscriptionmanager/mapper/UserMapper.java","text","17","489"
"apps/backend/src/main/java/com/subscriptionmanager/notification/controller/NotificationController.java","text","30","1241"
"apps/backend/src/main/java/com/subscriptionmanager/notification/dto/NotificationResponse.java","text","4","164"
"apps/backend/src/main/java/com/subscriptionmanager/notification/service/NotificationScheduler.java","text","17","555"
"apps/backend/src/main/java/com/subscriptionmanager/notification/service/NotificationService.java","text","9","260"
"apps/backend/src/main/java/com/subscriptionmanager/notification/service/NotificationServiceImpl.java","text","126","5394"
"apps/backend/src/main/java/com/subscriptionmanager/recommendation/controller/RecommendationController.java","text","30","1270"
"apps/backend/src/main/java/com/subscriptionmanager/recommendation/dto/RecommendationResponse.java","text","4","177"
"apps/backend/src/main/java/com/subscriptionmanager/recommendation/service/RecommendationService.java","text","9","275"
"apps/backend/src/main/java/com/subscriptionmanager/recommendation/service/RecommendationServiceImpl.java","text","14","418"
"apps/backend/src/main/java/com/subscriptionmanager/repository/AuditLogRepository.java","text","7","235"
"apps/backend/src/main/java/com/subscriptionmanager/repository/CategoryRepository.java","text","10","321"
"apps/backend/src/main/java/com/subscriptionmanager/repository/ConsentRepository.java","text","15","704"
"apps/backend/src/main/java/com/subscriptionmanager/repository/ImportItemRepository.java","text","11","397"
"apps/backend/src/main/java/com/subscriptionmanager/repository/ImportJobRepository.java","text","12","425"
"apps/backend/src/main/java/com/subscriptionmanager/repository/IntegrationConnectionRepository.java","text","13","578"
"apps/backend/src/main/java/com/subscriptionmanager/repository/NotificationRepository.java","text","23","839"
"apps/backend/src/main/java/com/subscriptionmanager/repository/NotificationRuleRepository.java","text","10","337"
"apps/backend/src/main/java/com/subscriptionmanager/repository/RecommendationCatalogRepository.java","text","10","381"
"apps/backend/src/main/java/com/subscriptionmanager/repository/RefreshTokenRepository.java","text","10","329"
"apps/backend/src/main/java/com/subscriptionmanager/repository/SubscriptionEventRepository.java","text","7","262"
"apps/backend/src/main/java/com/subscriptionmanager/repository/SubscriptionRepository.java","text","32","1315"
"apps/backend/src/main/java/com/subscriptionmanager/repository/TransactionRepository.java","text","11","398"
"apps/backend/src/main/java/com/subscriptionmanager/repository/UsageSignalRepository.java","text","7","244"
"apps/backend/src/main/java/com/subscriptionmanager/repository/UserRepository.java","text","13","339"
"apps/backend/src/main/java/com/subscriptionmanager/security/CurrentUserService.java","text","37","1516"
"apps/backend/src/main/java/com/subscriptionmanager/security/CustomUserDetailsService.java","text","33","1242"
"apps/backend/src/main/java/com/subscriptionmanager/security/JwtAuthenticationFilter.java","text","54","2368"
"apps/backend/src/main/java/com/subscriptionmanager/security/JwtTokenProvider.java","text","57","1664"
"apps/backend/src/main/java/com/subscriptionmanager/security/SecurityConfig.java","text","87","4018"
"apps/backend/src/main/java/com/subscriptionmanager/service/AuthService.java","text","68","2754"
"apps/backend/src/main/java/com/subscriptionmanager/subscription/controller/SubscriptionController.java","text","60","2395"
"apps/backend/src/main/java/com/subscriptionmanager/subscription/dto/SubscriptionRequest.java","text","30","884"
"apps/backend/src/main/java/com/subscriptionmanager/subscription/dto/SubscriptionResponse.java","text","19","504"
"apps/backend/src/main/java/com/subscriptionmanager/subscription/dto/UpcomingSubscriptionResponse.java","text","20","562"
"apps/backend/src/main/java/com/subscriptionmanager/subscription/service/SubscriptionService.java","text","16","730"
"apps/backend/src/main/java/com/subscriptionmanager/subscription/service/SubscriptionServiceImpl.java","text","166","6853"
"apps/backend/src/main/java/com/subscriptionmanager/SubscriptionManagerApplication.java","text","12","353"
"apps/backend/src/main/java/com/subscriptionmanager/user/controller/UserController.java","text","23","703"
"apps/backend/src/main/java/com/subscriptionmanager/user/dto/UserProfileResponse.java","text","4","122"
"apps/backend/src/main/java/com/subscriptionmanager/user/service/UserService.java","text","7","179"
"apps/backend/src/main/java/com/subscriptionmanager/user/service/UserServiceImpl.java","text","22","732"
"apps/backend/src/main/java/com/subtrack/config/CorsConfig.java","text","4","62"
"apps/backend/src/main/java/com/subtrack/config/JacksonConfig.java","text","4","65"
"apps/backend/src/main/java/com/subtrack/config/OpenApiConfig.java","text","4","65"
"apps/backend/src/main/java/com/subtrack/controller/AnalyticsController.java","text","4","75"
"apps/backend/src/main/java/com/subtrack/controller/AuthController.java","text","4","70"
"apps/backend/src/main/java/com/subtrack/controller/CategoryController.java","text","4","74"
"apps/backend/src/main/java/com/subtrack/controller/ImportController.java","text","4","72"
"apps/backend/src/main/java/com/subtrack/controller/NotificationController.java","text","4","78"
"apps/backend/src/main/java/com/subtrack/controller/SubscriptionController.java","text","4","78"
"apps/backend/src/main/java/com/subtrack/entity/Category.java","text","4","60"
"apps/backend/src/main/java/com/subtrack/entity/CsvImportLog.java","text","4","64"
"apps/backend/src/main/java/com/subtrack/entity/Notification.java","text","4","64"
"apps/backend/src/main/java/com/subtrack/entity/Subscription.java","text","4","64"
"apps/backend/src/main/java/com/subtrack/entity/User.java","text","4","56"
"apps/backend/src/main/java/com/subtrack/exception/GlobalExceptionHandler.java","text","4","77"
"apps/backend/src/main/java/com/subtrack/exception/ResourceNotFoundException.java","text","8","191"
"apps/backend/src/main/java/com/subtrack/exception/UnauthorizedException.java","text","8","183"
"apps/backend/src/main/java/com/subtrack/mapper/CategoryMapper.java","text","4","70"
"apps/backend/src/main/java/com/subtrack/mapper/SubscriptionMapper.java","text","4","74"
"apps/backend/src/main/java/com/subtrack/mapper/UserMapper.java","text","4","66"
"apps/backend/src/main/java/com/subtrack/repository/CategoryRepository.java","text","4","78"
"apps/backend/src/main/java/com/subtrack/repository/NotificationRepository.java","text","4","82"
"apps/backend/src/main/java/com/subtrack/repository/SubscriptionRepository.java","text","4","82"
"apps/backend/src/main/java/com/subtrack/repository/UserRepository.java","text","4","74"
"apps/backend/src/main/java/com/subtrack/scheduler/BillingReminderScheduler.java","text","4","79"
"apps/backend/src/main/java/com/subtrack/security/CustomUserDetailsService.java","text","4","78"
"apps/backend/src/main/java/com/subtrack/security/JwtAuthenticationFilter.java","text","4","77"
"apps/backend/src/main/java/com/subtrack/security/JwtTokenProvider.java","text","4","70"
"apps/backend/src/main/java/com/subtrack/security/SecurityConfig.java","text","4","68"
"apps/backend/src/main/java/com/subtrack/service/AnalyticsService.java","text","4","73"
"apps/backend/src/main/java/com/subtrack/service/AuthService.java","text","4","68"
"apps/backend/src/main/java/com/subtrack/service/CategoryService.java","text","4","72"
"apps/backend/src/main/java/com/subtrack/service/CsvImportService.java","text","4","73"
"apps/backend/src/main/java/com/subtrack/service/ForecastService.java","text","4","72"
"apps/backend/src/main/java/com/subtrack/service/NotificationService.java","text","4","76"
"apps/backend/src/main/java/com/subtrack/service/SubscriptionService.java","text","4","76"
"apps/backend/src/main/java/com/subtrack/SubTrackApplication.java","text","12","324"
"apps/backend/src/main/java/com/subtrack/validation/PasswordPolicy.java","text","4","70"
"apps/backend/src/main/java/com/subtrack/validation/ValidCsvFile.java","text","4","68"
"apps/backend/src/main/resources/application.yml","text","30","931"
"apps/backend/src/main/resources/application-dev.yml","text","12","380"
"apps/backend/src/main/resources/application-prod.yml","text","13","253"
"apps/backend/src/main/resources/db/migration/V1__create_users_table.sql","text","6","195"
"apps/backend/src/main/resources/db/migration/V2__full_architecture_tables.sql","text","133","4467"
"apps/backend/src/main/resources/db/migration/V3__seed_default_categories.sql","text","11","227"
"apps/backend/src/main/resources/logback-spring.xml","text","4","134"
"apps/backend/src/test/java/com/subscriptionmanager/analytics/AnalyticsPeriodTest.java","text","34","1236"
"apps/backend/src/test/java/com/subscriptionmanager/analytics/service/AnalyticsServiceImplTest.java","text","133","6221"
"apps/backend/src/test/java/com/subscriptionmanager/consent/controller/ImportConsentControllerTest.java","text","94","4049"
"apps/backend/src/test/java/com/subscriptionmanager/consent/service/ImportConsentServiceImplTest.java","text","134","6489"
"apps/backend/src/test/java/com/subscriptionmanager/controller/AuthControllerSecurityTest.java","text","101","3897"
"apps/backend/src/test/java/com/subscriptionmanager/controller/AuthControllerTest.java","text","122","4661"
"apps/backend/src/test/java/com/subscriptionmanager/dashboard/controller/DashboardControllerTest.java","text","105","4442"
"apps/backend/src/test/java/com/subscriptionmanager/dashboard/service/DashboardServiceImplTest.java","text","121","5228"
"apps/backend/src/test/java/com/subscriptionmanager/forecast/controller/ForecastControllerTest.java","text","71","2959"
"apps/backend/src/test/java/com/subscriptionmanager/forecast/service/ForecastServiceImplTest.java","text","90","3553"
"apps/backend/src/test/java/com/subscriptionmanager/importing/controller/ImportControllerSecurityTest.java","text","39","1409"
"apps/backend/src/test/java/com/subscriptionmanager/importing/controller/ImportControllerValidationTest.java","text","145","6540"
"apps/backend/src/test/java/com/subscriptionmanager/importing/parser/GmailNetflixParserTest.java","text","87","3438"
"apps/backend/src/test/java/com/subscriptionmanager/importing/service/ImportServiceImplTest.java","text","313","13595"
"apps/backend/src/test/java/com/subscriptionmanager/notification/service/NotificationServiceImplTest.java","text","143","5795"
"apps/backend/src/test/java/com/subscriptionmanager/subscription/service/SubscriptionServiceImplTest.java","text","72","2924"
"apps/mobile/.env.example","text","4","140"
"apps/mobile/app.json","text","28","593"
"apps/mobile/App.tsx","text","20","646"
"apps/mobile/assets/icon.png","binary","0","68"
"apps/mobile/assets/splash.png","binary","0","68"
"apps/mobile/babel.config.js","text","6","111"
"apps/mobile/package.json","text","32","938"
"apps/mobile/package-lock.json","text","8677","337063"
"apps/mobile/README.md","text","5","128"
"apps/mobile/src/api/analyticsApi.ts","text","21","873"
"apps/mobile/src/api/authApi.ts","text","33","1030"
"apps/mobile/src/api/categoryApi.ts","text","9","288"
"apps/mobile/src/api/consentApi.ts","text","28","1121"
"apps/mobile/src/api/dashboardApi.ts","text","12","463"
"apps/mobile/src/api/httpClient.ts","text","70","1979"
"apps/mobile/src/api/importApi.ts","text","17","721"
"apps/mobile/src/api/notificationApi.ts","text","11","368"
"apps/mobile/src/api/subscriptionApi.ts","text","30","1313"
"apps/mobile/src/api/userApi.ts","text","9","282"
"apps/mobile/src/components/ExpenseSummary.tsx","text","13","216"
"apps/mobile/src/components/ReminderBanner.tsx","text","13","216"
"apps/mobile/src/components/SubscriptionCard.tsx","text","13","222"
"apps/mobile/src/constants/api.ts","text","9","264"
"apps/mobile/src/context/AuthContext.tsx","text","106","3233"
"apps/mobile/src/context/SettingsContext.tsx","text","54","1605"
"apps/mobile/src/hooks/useAuth.ts","text","1","51"
"apps/mobile/src/hooks/usePushNotifications.ts","text","3","64"
"apps/mobile/src/hooks/useSubscriptions.ts","text","3","60"
"apps/mobile/src/i18n/translations.ts","text","174","6423"
"apps/mobile/src/navigation/AuthStack.tsx","text","21","780"
"apps/mobile/src/navigation/MainTabs.tsx","text","35","1648"
"apps/mobile/src/navigation/RootNavigator.tsx","text","41","1126"
"apps/mobile/src/screens/AnalyticsScreen.tsx","text","114","3823"
"apps/mobile/src/screens/DashboardScreen.tsx","text","117","4039"
"apps/mobile/src/screens/ImportScreen.tsx","text","331","10830"
"apps/mobile/src/screens/LoginScreen.tsx","text","113","3410"
"apps/mobile/src/screens/RegisterScreen.tsx","text","119","3664"
"apps/mobile/src/screens/RemindersScreen.tsx","text","112","3357"
"apps/mobile/src/screens/SettingsScreen.tsx","text","89","2479"
"apps/mobile/src/screens/SubscriptionsScreen.tsx","text","416","14570"
"apps/mobile/src/screens/UpcomingScreen.tsx","text","148","4765"
"apps/mobile/src/storage/profileStorage.ts","text","9","398"
"apps/mobile/src/storage/settingsStorage.ts","text","33","979"
"apps/mobile/src/storage/tokenStorage.ts","text","9","340"
"apps/mobile/src/types/analytics.ts","text","32","695"
"apps/mobile/src/types/auth.ts","text","12","217"
"apps/mobile/src/types/category.ts","text","4","64"
"apps/mobile/src/types/dashboard.ts","text","11","428"
"apps/mobile/src/types/env.d.ts","text","5","80"
"apps/mobile/src/types/import.ts","text","41","911"
"apps/mobile/src/types/navigation.ts","text","19","382"
"apps/mobile/src/types/notification.ts","text","8","170"
"apps/mobile/src/types/settings.ts","text","5","103"
"apps/mobile/src/types/subscription.ts","text","27","711"
"apps/mobile/src/types/user.ts","text","5","97"
"apps/mobile/src/utils/csvParser.ts","text","3","115"
"apps/mobile/src/utils/formatCurrency.ts","text","3","153"
"apps/mobile/src/utils/formatDate.ts","text","3","108"
"apps/mobile/tsconfig.json","text","20","412"
"apps/web/.env.example","text","1","43"
"apps/web/package.json","text","26","568"
"apps/web/package-lock.json","text","1952","55316"
"apps/web/public/favicon.svg","text","4","203"
"apps/web/README.md","text","5","123"
"apps/web/src/api/analyticsApi.ts","text","3","79"
"apps/web/src/api/authApi.ts","text","3","76"
"apps/web/src/api/categoryApi.ts","text","3","78"
"apps/web/src/api/httpClient.ts","text","5","148"
"apps/web/src/api/importApi.ts","text","3","76"
"apps/web/src/api/subscriptionApi.ts","text","3","82"
"apps/web/src/App.tsx","text","23","806"
"apps/web/src/components/analytics/ExpenseChart.tsx","text","8","130"
"apps/web/src/components/common/ProtectedRoute.tsx","text","12","221"
"apps/web/src/components/notifications/ReminderList.tsx","text","8","130"
"apps/web/src/components/subscriptions/SubscriptionTable.tsx","text","8","145"
"apps/web/src/constants/queryKeys.ts","text","5","128"
"apps/web/src/constants/routes.ts","text","5","92"
"apps/web/src/hooks/useAuth.ts","text","3","51"
"apps/web/src/hooks/useNotifications.ts","text","3","60"
"apps/web/src/hooks/useSubscriptions.ts","text","3","60"
"apps/web/src/layouts/AuthLayout.tsx","text","8","124"
"apps/web/src/layouts/MainLayout.tsx","text","8","124"
"apps/web/src/main.tsx","text","13","327"
"apps/web/src/pages/AnalyticsPage.tsx","text","8","133"
"apps/web/src/pages/DashboardPage.tsx","text","8","133"
"apps/web/src/pages/ImportCsvPage.tsx","text","8","133"
"apps/web/src/pages/LoginPage.tsx","text","8","121"
"apps/web/src/pages/RegisterPage.tsx","text","8","130"
"apps/web/src/pages/SubscriptionsPage.tsx","text","8","145"
"apps/web/src/services/analyticsService.ts","text","3","86"
"apps/web/src/services/authService.ts","text","3","83"
"apps/web/src/services/notificationService.ts","text","3","89"
"apps/web/src/store/index.ts","text","15","496"
"apps/web/src/store/slices/authSlice.ts","text","9","175"
"apps/web/src/store/slices/notificationSlice.ts","text","9","200"
"apps/web/src/store/slices/subscriptionSlice.ts","text","9","200"
"apps/web/src/types/analytics.ts","text","4","89"
"apps/web/src/types/auth.ts","text","3","57"
"apps/web/src/types/category.ts","text","4","64"
"apps/web/src/types/notification.ts","text","4","71"
"apps/web/src/types/subscription.ts","text","5","86"
"apps/web/src/utils/csv.ts","text","3","115"
"apps/web/src/utils/formatCurrency.ts","text","3","153"
"apps/web/src/utils/formatDate.ts","text","3","108"
"apps/web/tsconfig.json","text","15","360"
"apps/web/vite.config.ts","text","6","139"
"BACKEND_HANDOFF.md","text","87","4631"
"database/migrations/V1__init.sql","text","3","50"
"database/migrations/V2__categories.sql","text","3","56"
"database/migrations/V3__notifications.sql","text","3","59"
"database/migrations/V4__forecast_views.sql","text","3","60"
"database/migrations/V5__csv_import_log.sql","text","3","60"
"database/schema/erd.mmd","text","4","116"
"database/schema/subtrack_schema.sql","text","3","57"
"database/seed/001_demo_users.sql","text","3","56"
"database/seed/002_demo_categories.sql","text","3","61"
"database/seed/003_demo_subscriptions.sql","text","3","64"
"database/seed/004_demo_notifications.sql","text","3","64"
"docs/api-notes/auth-flow.md","text","5","136"
"docs/api-notes/endpoints.md","text","25","1102"
"docs/api-notes/subtrack-openapi.yaml","text","968","27641"
"docs/architecture/full-architecture.md","text","29","617"
"docs/demo-script/demo-checklist.md","text","10","339"
"docs/demo-script/demo-scenario.md","text","10","284"
"docs/demo-script/import-smoke.md","text","122","3268"
"docs/launch-guide/docker-setup.md","text","5","117"
"docs/launch-guide/local-setup.md","text","5","107"
"docs/launch-guide/troubleshooting.md","text","5","112"
"infra/docker/backend.Dockerfile","text","5","117"
"infra/docker/nginx.conf","text","10","124"
"infra/docker/web.Dockerfile","text","5","105"
"infra/docker-compose.yml","text","29","540"
"infra/env/.env.example","text","1","34"
"infra/env/backend.env.example","text","9","380"
"infra/env/mobile.env.example","text","4","140"
"infra/env/postgres.env.example","text","3","75"
"infra/env/web.env.example","text","1","43"
"package-lock.json","text","6","93"
"README.md","text","105","3440"
"scripts/db/run-migrations.ps1","text","70","2413"
"scripts/db/run-migrations.sh","text","2","56"
"scripts/db/seed-demo.ps1","text","1","44"
"scripts/db/seed-demo.sh","text","2","56"
"scripts/start/start-all.ps1","text","2","93"
"scripts/start/start-all.sh","text","3","105"
"scripts/start/stop-all.ps1","text","2","92"
"scripts/start/stop-all.sh","text","3","104"
"scripts/utils/export-openapi.ps1","text","1","44"
"scripts/utils/health-check.ps1","text","53","1556"
